
<ANIMALS>
    <ANIMAL>
        <NAME>Hawksbill Sea Turtle</NAME>
        <NOMENCLATURE>Eretmochelys imbricata</NOMENCLATURE>
        <LIFESPAN>Estimated to live 50 to 60 years.</LIFESPAN>
        <HABITAT>Tropical reefs of the Indian, Pacific and Atlantic Oceans.</HABITAT>
        <STATUS>Critically Endangered (Population decreasing).</STATUS>
        <SAFE>Critically endangered species.</SAFE>
        <HARM>Not harmful, meat potentially poisonous to humans.</HARM>
        <IMAGE>hawksbill.jpeg</IMAGE>
        <WWW>https://www.fisheries.noaa.gov/species/hawksbill-turtle</WWW>
        <VIDEO>https://www.youtube.com/watch?v=RL_Uh2X_DVs</VIDEO>
    </ANIMAL>
    <ANIMAL>
        <NAME>Axolotl</NAME>
        <NOMENCLATURE>Ambystoma mexicanum</NOMENCLATURE>
        <LIFESPAN>10-15 years</LIFESPAN>
        <HABITAT>Lake Xochimilco and Mexico City's waters</HABITAT>
        <STATUS>Critically Endangered.</STATUS>
        <SAFE>Critically endangered species.</SAFE>
        <HARM>Not at all harmful to humans.</HARM>
        <IMAGE>axolotl.jpeg</IMAGE>
        <WWW>https://www.nationalgeographic.com/animals/amphibians/facts/axolotl</WWW>
        <VIDEO>https://www.youtube.com/watch?v=bFkIG9S2Mmg</VIDEO>
    </ANIMAL>
    <ANIMAL>
        <NAME>Blobfish</NAME>
        <NOMENCLATURE>Psychrolutes marcidus</NOMENCLATURE>
        <LIFESPAN>Precise lifespan of blobfish is unknown - estimated up to 100 years</LIFESPAN>
        <HABITAT>Dark, cold habitats deep at the bottom of the Atlantic, Indian, and Pacific oceans, between 1,970 and 3,940 feet deep.</HABITAT>
        <STATUS>Critically endangered, near extinction.</STATUS>
        <SAFE>Critically endangered species.</SAFE>
        <HARM>Not harmful.</HARM>
        <IMAGE>blobfish.jpeg</IMAGE>
        <WWW>https://www.nationalgeographic.com/animals/fish/facts/blobfish</WWW>
        <VIDEO>https://www.youtube.com/watch?v=0mFlmeNBTHY</VIDEO>
    </ANIMAL>
    <ANIMAL>
        <NAME>Leatherback Sea Turtle</NAME>
        <NOMENCLATURE>Dermochelys coriacea</NOMENCLATURE>
        <LIFESPAN>Unknown, but estimated to be 50 years or more.</LIFESPAN>
        <HABITAT>Marine waters throughout the Atlantic, Pacific, and Indian Oceans. They also nest on sandy beaches in the same range.</HABITAT>
        <STATUS>Endangered, population decreasing.</STATUS>
        <SAFE>Endangered species.</SAFE>
        <HARM>Not harmful.</HARM>
        <IMAGE>leatherback.jpeg</IMAGE>
        <WWW>https://www.fisheries.noaa.gov/species/leatherback-turtle</WWW>
        <VIDEO>https://www.youtube.com/watch?v=kxUnmH6CORc</VIDEO>
    </ANIMAL>
    <ANIMAL>
        <NAME>Sea Nettle jellyfish</NAME>
        <NOMENCLATURE>Chrysaora Melanaster</NOMENCLATURE>
        <LIFESPAN>6-12 months</LIFESPAN>
        <HABITAT>Northern Pacific Ocean and Arctic Ocean.</HABITAT>
        <STATUS>Not Endangered, in fact population is increasing.</STATUS>
        <SAFE>Not an endangered species.</SAFE>
        <HARM>Sting is extremely painful, not life threatening.</HARM>
        <IMAGE>jf.jpeg</IMAGE>
        <WWW>https://www.montereybayaquarium.org/animals/animals-a-to-z/sea-nettle</WWW>
        <VIDEO>https://www.youtube.com/watch?v=9euZRyylRqU</VIDEO>
    </ANIMAL>
    <ANIMAL>
        <NAME>Sea angel</NAME>
        <NOMENCLATURE>Clade Gymnosomata</NOMENCLATURE>
        <LIFESPAN>2 years</LIFESPAN>
        <HABITAT>Worldwide in cold and temperate waters</HABITAT>
        <STATUS>Not considered endangered or near extinction.</STATUS>
        <SAFE>Not an endangered species.</SAFE>
        <HARM>Not at all harmful to humans.</HARM>
        <IMAGE>seaAngel.jpeg</IMAGE>
        <WWW>https://oceanconservancy.org/blog/2021/05/25/truth-sea-angels/</WWW>
        <VIDEO>https://www.youtube.com/watch?v=dmgjONJQ3RM</VIDEO>
    </ANIMAL>
    <ANIMAL>
        <NAME>Dwarf Seahorse</NAME>
        <NOMENCLATURE>Hippocampus Zosterae</NOMENCLATURE>
        <LIFESPAN>1 year</LIFESPAN>
        <HABITAT>Seagrass beds in the Gulf of Mexico, the Atlantic Coast of Florida, and the Caribbean.</HABITAT>
        <STATUS>Not listed as threatened or endangered under the Endangered Species Act, however species is threatened by habitat degradation.</STATUS>
        <SAFE>Not an endangered species.</SAFE>
        <HARM>Not at all harmful to humans.</HARM>
        <IMAGE>dwarfSeahorse.jpeg</IMAGE>
        <WWW>https://www.fisheries.noaa.gov/species/dwarf-seahorse</WWW>
        <VIDEO>https://www.youtube.com/watch?v=T9u2aJdfK3w</VIDEO>
    </ANIMAL>
    <ANIMAL>
        <NAME>Peacock Mantis Shrimp</NAME>
        <NOMENCLATURE>Odontodactylus Scyllarus</NOMENCLATURE>
        <LIFESPAN>Up to 20 years</LIFESPAN>
        <HABITAT>Indo-Pacific coral reefs and associated sand flats</HABITAT>
        <STATUS>Not considered endangered or threatened by any agency.</STATUS>
        <SAFE>Not an endangered species.</SAFE>
        <HARM>Not at all harmful, unless you get caught in the snippy snappys.</HARM>
        <IMAGE>peacockMantis.jpeg</IMAGE>
        <WWW>https://oceana.org/marine-life/peacock-mantis-shrimp/</WWW>
        <VIDEO>https://www.youtube.com/watch?v=-lgNHdx3Q6s</VIDEO>
    </ANIMAL>
    <ANIMAL>
        <NAME>Blue Lobster</NAME>
        <NOMENCLATURE>Procambarus Alleni</NOMENCLATURE>
        <LIFESPAN>Up to 5 years</LIFESPAN>
        <HABITAT>Around the Atlantic coasts of North America and Europe. But these lobsters also live in other parts of the world, like Australia, and even in some freshwater areas.</HABITAT>
        <STATUS>Species of Least Concern status.</STATUS>
        <SAFE>Not an endangered species.</SAFE>
        <HARM>Not at all harmful, unless you get caught in the snippy snappys.</HARM>
        <IMAGE>blueLobster.jpeg</IMAGE>
        <WWW>https://ourmarinespecies.com/c-crabs/blue-crayfish/</WWW>
        <VIDEO>https://www.youtube.com/watch?v=NECzSuvhQVA</VIDEO>
    </ANIMAL>
    <ANIMAL>
        <NAME>Carribean Reef Squid</NAME>
        <NOMENCLATURE>Sepioteuthis Sepioidea</NOMENCLATURE>
        <LIFESPAN>1-2 years</LIFESPAN>
        <HABITAT>The Caribbean Sea and the coast of Florida, commonly in the shallows associated with reefs. Habitat changes according to the squid's stage of life and size.</HABITAT>
        <STATUS>Species of Least Concern status.</STATUS>
        <SAFE>Not an endangered species.</SAFE>
        <HARM>Not dangerous to other animals or to humans.</HARM>
        <IMAGE>carribeanReefSquid.jpeg</IMAGE>
        <WWW>https://www.marinebio.org/species/reef-squid/sepioteuthis-sepioidea/</WWW>
        <VIDEO>https://www.youtube.com/watch?v=XZhILmMhu34</VIDEO>
    </ANIMAL>
    <ANIMAL>
        <NAME>Dumbo Octopus</NAME>
        <NOMENCLATURE>Grimpoteuthis</NOMENCLATURE>
        <LIFESPAN>Three to five years.</LIFESPAN>
        <HABITAT>Likely worldwide, in the deep open ocean down to depths of at least 13,100 feet and perhaps much deeper, making them the deepest living of all known octopuses. </HABITAT>
        <STATUS>Species of Least Concern status.</STATUS>
        <SAFE>Not an endangered species.</SAFE>
        <HARM>Not dangerous to humans.</HARM>
        <IMAGE>dumboOctopus.jpeg</IMAGE>
        <WWW>https://oceana.org/marine-life/dumbo-octopus/</WWW>
        <VIDEO>https://www.youtube.com/watch?v=pl4pqu5FTaI</VIDEO>
    </ANIMAL>
    <ANIMAL>
        <NAME>Ribbon Eel</NAME>
        <NOMENCLATURE>Rhinomuraena Quaesita</NOMENCLATURE>
        <LIFESPAN>Up to 20 years</LIFESPAN>
        <HABITAT>Warm lagoons and coastal reefs of the Indian and Pacific Oceans, with native populations off the coast of Australia, New Caledonia, Japan, East Africa and French Polynesia.</HABITAT>
        <STATUS>Species of Least Concern status.</STATUS>
        <SAFE>Not an endangered species.</SAFE>
        <HARM>Unknown, unlikely to be toxic in any way.</HARM>
        <IMAGE>ribbonEel.jpeg</IMAGE>
        <WWW>https://twofishdivers.com/blog/ribbon-eel-facts/</WWW>
        <VIDEO>https://www.youtube.com/watch?v=99TO6eeKz_Y</VIDEO>
    </ANIMAL>
    <ANIMAL>
        <NAME>Glass Octopus</NAME>
        <NOMENCLATURE>Vitreledonella Richardi</NOMENCLATURE>
        <LIFESPAN>About 2-5 years</LIFESPAN>
        <HABITAT>Tropical and subtropical waters around the world. Generally, they reside in deep areas of the ocean that are hard to reach, around 656-3,280 feet.</HABITAT>
        <STATUS>Not considered to be endangered.</STATUS>
        <SAFE>Not an endangered species.</SAFE>
        <HARM>Harmless to humans.</HARM>
        <IMAGE>glassOctopus.jpeg</IMAGE>
        <WWW>https://oceanconservancy.org/blog/2021/07/15/glass-octopus/</WWW>
        <VIDEO>https://www.youtube.com/watch?v=IJeUQohw4D8</VIDEO>
    </ANIMAL>
    <ANIMAL>
        <NAME>Flower Hat Jellyfish</NAME>
        <NOMENCLATURE>Olindias Formosa</NOMENCLATURE>
        <LIFESPAN>Up to six months.</LIFESPAN>
        <HABITAT>Off southern Japan, Argentina, and Brazil. Typically live near the ocean floor close to kelp or seagrass.</HABITAT>
        <STATUS>Population numbers appear to be comparatively abundant and relatively stable.</STATUS>
        <SAFE>Not an endangered species.</SAFE>
        <HARM>Sting is extremely painful, not life threatening.</HARM>
        <IMAGE>flowerhatJellyfish.jpeg</IMAGE>
        <WWW>https://www.aquariumofpacific.org/onlinelearningcenter/species/flower_hat_jelly1</WWW>
        <VIDEO>https://www.youtube.com/watch?v=kRGOm8AEnmw</VIDEO>
    </ANIMAL>
    <ANIMAL>
        <NAME>Willan's Chromodoris</NAME>
        <NOMENCLATURE>Chromodoris willani</NOMENCLATURE>
        <LIFESPAN>Unknown, likely between 1 and 4 years.</LIFESPAN>
        <HABITAT>Western Pacific Ocean, from Indonesia and the Philippines to Vanuatu. Common on the walls of seaward reefs and have been seen to depths of at least 35 meters.</HABITAT>
        <STATUS>Not on any endangered species list, thought to be common just not well studied.</STATUS>
        <SAFE>Not on endangered lists.</SAFE>
        <HARM>Not dangerous unless you try to eat them, very toxic because of the food they eat.</HARM>
        <IMAGE>will.jpeg</IMAGE>
        <WWW>https://www.inaturalist.org/taxa/119429-Chromodoris-willani</WWW>
        <VIDEO>https://www.youtube.com/watch?v=dSgzXW5Md4Q</VIDEO>
    </ANIMAL>
    <ANIMAL>
        <NAME>Vampire Squid</NAME>
        <NOMENCLATURE>Vampyroteuthis Infernalis</NOMENCLATURE>
        <LIFESPAN>Up to 10 years</LIFESPAN>
        <HABITAT>Temperate and tropical deep-water zones worldwide at depths of 600 to 1200 m (1958 to 3937 ft)</HABITAT>
        <STATUS>Currently not on any endangered or threatened species list.</STATUS>
        <SAFE>Not an endangered species.</SAFE>
        <HARM>Despite the name, not even slightly dangerous to humans.</HARM>
        <IMAGE>vampireOctopus.jpeg</IMAGE>
        <WWW>https://oceana.org/marine-life/vampire-squid/</WWW>
        <VIDEO>https://www.youtube.com/watch?v=pI6A218YE-Q</VIDEO>
    </ANIMAL>
    <ANIMAL>
        <NAME>Sea Bunny</NAME>
        <NOMENCLATURE>Jorunna parva</NOMENCLATURE>
        <LIFESPAN>Unknown, likely just a few months to a year.</LIFESPAN>
        <HABITAT>Throughout the Indo-Pacific Ocean from South Africa to the central Pacific.</HABITAT>
        <STATUS>Unknown, but it is presumably quite common.</STATUS>
        <SAFE>Not an endangered species.</SAFE>
        <HARM>Not dangerous unless you try to eat them, very toxic because of the food they eat.</HARM>
        <IMAGE>seaBunny.jpeg</IMAGE>
        <WWW>https://www.nationalgeographic.com/animals/article/150723-sea-slug-nudibranch-sea-bunny-ocean-animals-science</WWW>
        <VIDEO>https://www.youtube.com/watch?v=VBA_hm3hjLE</VIDEO>
    </ANIMAL>
</ANIMALS>
